[
    {
        "name": "guzzlehttp/psr7",
        "version": "1.4.2",
        "version_normalized": "1.4.2.0",
        "source": {
            "type": "git",
            "url": "https://github.com/guzzle/psr7.git",
            "reference": "f5b8a8512e2b58b0071a7280e39f14f72e05d87c"
        },
        "dist": {
            "type": "zip",
            "url": "https://api.github.com/repos/guzzle/psr7/zipball/f5b8a8512e2b58b0071a7280e39f14f72e05d87c",
            "reference": "f5b8a8512e2b58b0071a7280e39f14f72e05d87c",
            "shasum": ""
        },
        "require": {
            "php": ">=5.4.0",
            "psr/http-message": "~1.0"
        },
        "provide": {
            "psr/http-message-implementation": "1.0"
        },
        "require-dev": {
            "phpunit/phpunit": "~4.0"
        },
        "time": "2017-03-20T17:10:46+00:00",
        "type": "library",
        "extra": {
            "branch-alias": {
                "dev-master": "1.4-dev"
            }
        },
        "installation-source": "dist",
        "autoload": {
            "psr-4": {
                "GuzzleHttp\\Psr7\\": "src/"
            },
            "files": [
                "src/functions_include.php"
            ]
        },
        "notification-url": "https://packagist.org/downloads/",
        "license": [
            "MIT"
        ],
        "authors": [
            {
                "name": "Michael Dowling",
                "email": "mtdowling@gmail.com",
                "homepage": "https://github.com/mtdowling"
            },
            {
                "name": "Tobias Schultze",
                "homepage": "https://github.com/Tobion"
            }
        ],
        "description": "PSR-7 message implementation that also provides common utility methods",
        "keywords": [
            "http",
            "message",
            "request",
            "response",
            "stream",
            "uri",
            "url"
        ]
    },
    {
        "name": "intervention/image",
        "version": "2.4.2",
        "version_normalized": "2.4.2.0",
        "source": {
            "type": "git",
            "url": "https://github.com/Intervention/image.git",
            "reference": "e82d274f786e3d4b866a59b173f42e716f0783eb"
        },
        "dist": {
            "type": "zip",
            "url": "https://api.github.com/repos/Intervention/image/zipball/e82d274f786e3d4b866a59b173f42e716f0783eb",
            "reference": "e82d274f786e3d4b866a59b173f42e716f0783eb",
            "shasum": ""
        },
        "require": {
            "ext-fileinfo": "*",
            "guzzlehttp/psr7": "~1.1",
            "php": ">=5.4.0"
        },
        "require-dev": {
            "mockery/mockery": "~0.9.2",
            "phpunit/phpunit": "^4.8 || ^5.7"
        },
        "suggest": {
            "ext-gd": "to use GD library based image processing.",
            "ext-imagick": "to use Imagick based image processing.",
            "intervention/imagecache": "Caching extension for the Intervention Image library"
        },
        "time": "2018-05-29T14:19:03+00:00",
        "type": "library",
        "extra": {
            "branch-alias": {
                "dev-master": "2.4-dev"
            },
            "laravel": {
                "providers": [
                    "Intervention\\Image\\ImageServiceProvider"
                ],
                "aliases": {
                    "Image": "Intervention\\Image\\Facades\\Image"
                }
            }
        },
        "installation-source": "dist",
        "autoload": {
            "psr-4": {
                "Intervention\\Image\\": "src/Intervention/Image"
            }
        },
        "notification-url": "https://packagist.org/downloads/",
        "license": [
            "MIT"
        ],
        "authors": [
            {
                "name": "Oliver Vogel",
                "email": "oliver@olivervogel.com",
                "homepage": "http://olivervogel.com/"
            }
        ],
        "description": "Image handling and manipulation library with support for Laravel integration",
        "homepage": "http://image.intervention.io/",
        "keywords": [
            "gd",
            "image",
            "imagick",
            "laravel",
            "thumbnail",
            "watermark"
        ]
    },
    {
        "name": "psr/http-message",
        "version": "1.0.1",
        "version_normalized": "1.0.1.0",
        "source": {
            "type": "git",
            "url": "https://github.com/php-fig/http-message.git",
            "reference": "f6561bf28d520154e4b0ec72be95418abe6d9363"
        },
        "dist": {
            "type": "zip",
            "url": "https://api.github.com/repos/php-fig/http-message/zipball/f6561bf28d520154e4b0ec72be95418abe6d9363",
            "reference": "f6561bf28d520154e4b0ec72be95418abe6d9363",
            "shasum": ""
        },
        "require": {
            "php": ">=5.3.0"
        },
        "time": "2016-08-06T14:39:51+00:00",
        "type": "library",
        "extra": {
            "branch-alias": {
                "dev-master": "1.0.x-dev"
            }
        },
        "installation-source": "dist",
        "autoload": {
            "psr-4": {
                "Psr\\Http\\Message\\": "src/"
            }
        },
        "notification-url": "https://packagist.org/downloads/",
        "license": [
            "MIT"
        ],
        "authors": [
            {
                "name": "PHP-FIG",
                "homepage": "http://www.php-fig.org/"
            }
        ],
        "description": "Common interface for HTTP messages",
        "homepage": "https://github.com/php-fig/http-message",
        "keywords": [
            "http",
            "http-message",
            "psr",
            "psr-7",
            "request",
            "response"
        ]
    }
]
